EBookID,ISBN,Extension
1,978-0-440-85867-6,pdf
2,978-0-7113-7337-2,epub
3,978-1-02-687179-9,epub
4,978-0-493-50812-2,pdf
5,978-1-81281-499-3,epub
6,978-0-482-15071-4,epub
7,978-0-505-36054-0,mobi
8,978-1-7350628-7-7,epub
9,978-0-17-475192-2,epub
10,978-1-7336153-1-0,mobi
11,978-1-278-72284-9,mobi
12,978-1-78338-506-5,pdf
13,978-1-5181-0918-8,mobi
14,978-1-86327-633-7,mobi
15,978-0-334-65040-9,mobi
16,978-1-57764-732-4,mobi
17,978-1-66592-671-3,pdf
18,978-1-65999-033-1,mobi
19,978-0-16-779843-9,pdf
20,978-1-376-43637-2,pdf
21,978-1-5062-5428-9,epub
22,978-0-17-063152-5,mobi
23,978-0-218-42556-7,mobi
24,978-0-16-976853-9,mobi
25,978-1-105-06580-4,mobi
26,978-0-18-591380-7,pdf
27,978-1-894828-20-8,epub
28,978-0-7471-1142-9,epub
29,978-0-7136-5968-9,pdf
30,978-0-9936957-8-0,pdf
31,978-1-80795-713-1,mobi
32,978-1-245-80847-7,pdf
33,978-0-318-88494-3,epub
34,978-0-12-975977-5,epub
35,978-0-7619-0220-1,pdf
36,978-1-86458-473-8,pdf
37,978-1-79272-742-9,pdf
38,978-1-58750-424-2,pdf
39,978-1-5369-0511-3,mobi
40,978-1-122-06534-4,pdf
41,978-1-06-568824-2,epub
42,978-0-9890701-4-0,pdf
43,978-0-274-84177-6,epub
44,978-0-945221-63-0,pdf
45,978-0-14-726630-9,pdf
46,978-1-250-04407-5,epub
47,978-1-60919-992-0,epub
48,978-0-349-56067-0,epub
49,978-1-375-04471-4,mobi
50,978-1-5111-5072-9,mobi
51,978-0-06-599752-1,epub
52,978-0-600-14947-7,pdf
53,978-0-539-97540-6,pdf
54,978-1-399-54062-9,mobi
55,978-0-907025-04-7,pdf
56,978-1-79107-133-2,pdf
57,978-0-595-59200-5,mobi
58,978-1-9769-4861-9,epub
59,978-0-581-08277-0,epub
60,978-1-949035-46-9,pdf
61,978-1-894289-45-0,mobi
62,978-1-4248-2233-1,epub
63,978-1-120-88733-7,epub
64,978-0-431-57289-5,epub
65,978-0-7150-9168-5,pdf
66,978-0-19-509582-1,epub
67,978-0-04-113058-4,epub
68,978-1-09-736957-7,epub
69,978-0-293-88456-3,epub
70,978-1-56985-155-5,pdf
71,978-0-7299-9464-4,epub
72,978-1-4083-0311-5,pdf
73,978-1-337-65884-3,mobi
74,978-0-9988358-2-2,pdf
75,978-0-496-10186-3,pdf
76,978-1-146-94144-0,mobi
77,978-0-629-55649-2,pdf
78,978-0-17-050630-4,mobi
79,978-0-450-92595-5,mobi
80,978-0-88717-533-6,mobi
81,978-1-317-96011-9,pdf
82,978-0-495-42014-9,mobi
83,978-0-7336-8381-7,epub
84,978-1-162-48923-0,epub
85,978-0-387-05491-9,mobi
86,978-0-355-07001-9,pdf
87,978-1-171-54609-2,pdf
88,978-0-00-083472-0,mobi
89,978-1-228-13835-5,pdf
90,978-0-7679-3713-9,epub
91,978-0-303-51981-2,mobi
92,978-0-562-80179-6,pdf
93,978-1-85157-825-2,mobi
94,978-0-908110-07-0,mobi
95,978-0-629-30094-1,epub
96,978-1-254-71484-4,mobi
97,978-0-7907-6329-3,epub
98,978-0-273-43775-8,epub
99,978-0-313-94954-8,mobi
100,978-0-935174-93-9,epub
